2026/10/10 09:18:15.970, GPU-1a462216-9e7c-59c9-5e0f-a1d2b2ef1766, 4 MiB, 0 %
2026/10/10 09:18:20.006, GPU-1a462216-9e7c-59c9-5e0f-a1d2b2ef1766, 4 MiB, 0 %
2026/10/10 09:18:24.041, GPU-1a462216-9e7c-59c9-5e0f-a1d2b2ef1766, 403 MiB, 0 %
2026/10/10 09:18:28.079, GPU-1a462216-9e7c-59c9-5e0f-a1d2b2ef1766, 403 MiB, 0 %
2026/10/10 09:18:32.117, GPU-1a462216-9e7c-59c9-5e0f-a1d2b2ef1766, 403 MiB, 0 %
2026/10/10 09:18:36.154, GPU-1a462216-9e7c-59c9-5e0f-a1d2b2ef1766, 2005 MiB, 7 %
2026/10/10 09:18:40.193, GPU-1a462216-9e7c-59c9-5e0f-a1d2b2ef1766, 5071 MiB, 0 %
2026/10/10 09:18:44.230, GPU-1a462216-9e7c-59c9-5e0f-a1d2b2ef1766, 7311 MiB, 0 %
2026/10/10 09:18:48.266, GPU-1a462216-9e7c-59c9-5e0f-a1d2b2ef1766, 7311 MiB, 0 %
2026/10/10 09:18:52.303, GPU-1a462216-9e7c-59c9-5e0f-a1d2b2ef1766, 9629 MiB, 10 %
2026/10/10 09:18:56.341, GPU-1a462216-9e7c-59c9-5e0f-a1d2b2ef1766, 16781 MiB, 100 %
2026/10/10 09:19:00.377, GPU-1a462216-9e7c-59c9-5e0f-a1d2b2ef1766, 16783 MiB, 100 %
2026/10/10 09:19:04.414, GPU-1a462216-9e7c-59c9-5e0f-a1d2b2ef1766, 16825 MiB, 100 %
2026/10/10 09:19:08.449, GPU-1a462216-9e7c-59c9-5e0f-a1d2b2ef1766, 16825 MiB, 100 %
2026/10/10 09:19:12.484, GPU-1a462216-9e7c-59c9-5e0f-a1d2b2ef1766, 16825 MiB, 100 %
2026/10/10 09:19:16.520, GPU-1a462216-9e7c-59c9-5e0f-a1d2b2ef1766, 16825 MiB, 100 %
2026/10/10 09:19:20.556, GPU-1a462216-9e7c-59c9-5e0f-a1d2b2ef1766, 16825 MiB, 100 %
2026/10/10 09:19:24.591, GPU-1a462216-9e7c-59c9-5e0f-a1d2b2ef1766, 16825 MiB, 100 %
2026/10/10 09:19:28.627, GPU-1a462216-9e7c-59c9-5e0f-a1d2b2ef1766, 16825 MiB, 100 %
2026/10/10 09:19:32.663, GPU-1a462216-9e7c-59c9-5e0f-a1d2b2ef1766, 16825 MiB, 99 %
2026/10/10 09:19:36.700, GPU-1a462216-9e7c-59c9-5e0f-a1d2b2ef1766, 16825 MiB, 100 %
2026/10/10 09:19:40.736, GPU-1a462216-9e7c-59c9-5e0f-a1d2b2ef1766, 36703 MiB, 100 %
2026/10/10 09:19:44.773, GPU-1a462216-9e7c-59c9-5e0f-a1d2b2ef1766, 36703 MiB, 0 %
2026/10/10 09:19:48.810, GPU-1a462216-9e7c-59c9-5e0f-a1d2b2ef1766, 36703 MiB, 100 %
2026/10/10 09:19:52.846, GPU-1a462216-9e7c-59c9-5e0f-a1d2b2ef1766, 36703 MiB, 43 %
2026/10/10 09:19:56.884, GPU-1a462216-9e7c-59c9-5e0f-a1d2b2ef1766, 36703 MiB, 4 %
2026/10/10 09:20:00.921, GPU-1a462216-9e7c-59c9-5e0f-a1d2b2ef1766, 36703 MiB, 0 %
2026/10/10 09:20:04.956, GPU-1a462216-9e7c-59c9-5e0f-a1d2b2ef1766, 36703 MiB, 0 %
2026/10/10 09:20:08.990, GPU-1a462216-9e7c-59c9-5e0f-a1d2b2ef1766, 36703 MiB, 0 %
2026/10/10 09:20:13.027, GPU-1a462216-9e7c-59c9-5e0f-a1d2b2ef1766, 36703 MiB, 0 %
2026/10/10 09:20:17.064, GPU-1a462216-9e7c-59c9-5e0f-a1d2b2ef1766, 36703 MiB, 0 %
2026/10/10 09:20:21.097, GPU-1a462216-9e7c-59c9-5e0f-a1d2b2ef1766, 36703 MiB, 0 %
2026/10/10 09:20:25.134, GPU-1a462216-9e7c-59c9-5e0f-a1d2b2ef1766, 36703 MiB, 0 %
